url,review,rating
https://www.daraz.com.np/products/fidget-spinner-toy-i101106988-s1021716032.html?mp=1,Ramro cha product. Heavy cha and metal ra plastic ko combo ho size ni thulai raicha as per price.,5
https://www.daraz.com.np/products/fidget-spinner-toy-i101106988-s1021716032.html?mp=1,All the Fidget spinner are working well and price was affordable.,5
https://www.daraz.com.np/products/fidget-spinner-toy-i101106988-s1021716032.html?mp=1,Its excellent for its price,5
https://www.daraz.com.np/products/fidget-spinner-toy-i101106988-s1021716032.html?mp=1,You can trust this app they will bring the product to our home at the date which they have given.,5
https://www.daraz.com.np/products/fidget-spinner-toy-i101106988-s1021716032.html?mp=1,spinner is ok but i ask them to send me green n pinkbut they send me both green,3
https://www.daraz.com.np/products/fidget-spinner-toy-i101106988-s1021716032.html?mp=1,works  better than what  its worth ,5
https://www.daraz.com.np/products/fidget-spinner-toy-i101106988-s1021716032.html?mp=1,good in price range.,5
https://www.daraz.com.np/products/fidget-spinner-toy-i101106988-s1021716032.html?mp=1,It's very amazing ,5
https://www.daraz.com.np/products/protein-shaker-bottle-with-spider-spring-3-in-1-gym-bottle-i102172002-s1022944001.html?mp=1,Price was just 425/- with the discount n delivery charge was also free. Packaging n delivery was great. Nicely packed with plastic. Product quality is also good. Product feels premium in hand. Thank you.,5
https://www.daraz.com.np/products/protein-shaker-bottle-with-spider-spring-3-in-1-gym-bottle-i102172002-s1022944001.html?mp=1,very disappointing with seller....how do I fill the bottle with the one of the cup inside bottle which didn't come out ...please check the product before I deliver...I just need a new one replaced ASAP....just a poor customer handling n sending the defect one .,1
https://www.daraz.com.np/products/protein-shaker-bottle-with-spider-spring-3-in-1-gym-bottle-i102172002-s1022944001.html?mp=1,Good quality for me it's okay   happy,5
https://www.daraz.com.np/products/protein-shaker-bottle-with-spider-spring-3-in-1-gym-bottle-i102172002-s1022944001.html?mp=1,according to price it's a perfect products  i am very happy with your service  and daraz is the best app for our need and requirements.,5
https://www.daraz.com.np/products/protein-shaker-bottle-with-spider-spring-3-in-1-gym-bottle-i102172002-s1022944001.html?mp=1,quality ramro xa... price pani thikai laago..shipping fee free collecting point bhako bhae jhan ramro hunthyo..,4
https://www.daraz.com.np/products/protein-shaker-bottle-with-spider-spring-3-in-1-gym-bottle-i102172002-s1022944001.html?mp=1,#HighlyRecommendProduct was as same as mentioned. It has 2 compartment and a spring (shaker ball) inside the bottle. Cap was too tight so no need to worry about leakages. Bottle is BPA Free and contain 450 ml of liquid. ,5
https://www.daraz.com.np/products/protein-shaker-bottle-with-spider-spring-3-in-1-gym-bottle-i102172002-s1022944001.html?mp=1,"Print matra bigerako xa,bottle chai ramro nai xa",3
https://www.daraz.com.np/products/protein-shaker-bottle-with-spider-spring-3-in-1-gym-bottle-i102172002-s1022944001.html?mp=1,Great product.,5
https://www.daraz.com.np/products/protein-shaker-bottle-with-spider-spring-3-in-1-gym-bottle-i102172002-s1022944001.html?mp=1,Dami xa hai bottle... teti price ma payera khusi lagyo ,5
https://www.daraz.com.np/products/protein-shaker-bottle-with-spider-spring-3-in-1-gym-bottle-i102172002-s1022944001.html?mp=1,Was expecting black colour. but product good as shown,4
https://www.daraz.com.np/products/protein-shaker-bottle-with-spider-spring-3-in-1-gym-bottle-i102172002-s1022944001.html?mp=1,Loved the product. Expect gareko jastaii aayo..,5
https://www.daraz.com.np/products/protein-shaker-bottle-with-spider-spring-3-in-1-gym-bottle-i102172002-s1022944001.html?mp=1,thank you for review,5
https://www.daraz.com.np/products/protein-shaker-bottle-with-spider-spring-3-in-1-gym-bottle-i102172002-s1022944001.html?mp=1,sturdy and comfortable...no reasons to not buy,5
https://www.daraz.com.np/products/protein-shaker-bottle-with-spider-spring-3-in-1-gym-bottle-i102172002-s1022944001.html?mp=1,Good as expected,3
https://www.daraz.com.np/products/protein-shaker-bottle-with-spider-spring-3-in-1-gym-bottle-i102172002-s1022944001.html?mp=1,nice product,3
https://www.daraz.com.np/products/protein-shaker-bottle-with-spider-spring-3-in-1-gym-bottle-i102172002-s1022944001.html?mp=1,"Well the product page says 3 in 1, but I only received medium size shaker and bottom two attachments (Large bottle was missing).Satisfied with the shaker though..  ",0
https://www.daraz.com.np/products/protein-shaker-bottle-with-spider-spring-3-in-1-gym-bottle-i102172002-s1022944001.html?mp=1,gym jneko lqgi ekdum upayogitara mero bottle ko muniko pidh pura hallinxa k bhako?,5
https://www.daraz.com.np/products/protein-shaker-bottle-with-spider-spring-3-in-1-gym-bottle-i102172002-s1022944001.html?mp=1,"I am fully satisfied with the product, i found something which i desire",5
https://www.daraz.com.np/products/protein-shaker-bottle-with-spider-spring-3-in-1-gym-bottle-i102172002-s1022944001.html?mp=1,Damii raixa!! ,5
https://www.daraz.com.np/products/protein-shaker-bottle-with-spider-spring-3-in-1-gym-bottle-i102172002-s1022944001.html?mp=1,product came as shown in pictures no damage and I love the product ,5
https://www.daraz.com.np/products/protein-shaker-bottle-with-spider-spring-3-in-1-gym-bottle-i102172002-s1022944001.html?mp=1,Got the same product as shown here. Would recommend it.,5
https://www.daraz.com.np/products/protein-shaker-bottle-with-spider-spring-3-in-1-gym-bottle-i102172002-s1022944001.html?mp=1,"according to price, product is fully satisfied",5
https://www.daraz.com.np/products/protein-shaker-bottle-with-spider-spring-3-in-1-gym-bottle-i102172002-s1022944001.html?mp=1,Feels premium. Exactly as shown in picture.,5
https://www.daraz.com.np/products/protein-shaker-bottle-with-spider-spring-3-in-1-gym-bottle-i102172002-s1022944001.html?mp=1,Mixability is very good. No lumps at all. ,5
https://www.daraz.com.np/products/protein-shaker-bottle-with-spider-spring-3-in-1-gym-bottle-i102172002-s1022944001.html?mp=1,bad build quality. lid closes too tightly,1
https://www.daraz.com.np/products/protein-shaker-bottle-with-spider-spring-3-in-1-gym-bottle-i102172002-s1022944001.html?mp=1,Same as in the picture Good product ,5
https://www.daraz.com.np/products/protein-shaker-bottle-with-spider-spring-3-in-1-gym-bottle-i102172002-s1022944001.html?mp=1,Ramro lagyo but use nai garna ayena ,5
https://www.daraz.com.np/products/protein-shaker-bottle-with-spider-spring-3-in-1-gym-bottle-i102172002-s1022944001.html?mp=1,goods has been delivered asp order,5
https://www.daraz.com.np/products/protein-shaker-bottle-with-spider-spring-3-in-1-gym-bottle-i102172002-s1022944001.html?mp=1,Happy with the product thank you,5
https://www.daraz.com.np/products/protein-shaker-bottle-with-spider-spring-3-in-1-gym-bottle-i102172002-s1022944001.html?mp=1,very nice perfect as expected ,5
https://www.daraz.com.np/products/protein-shaker-bottle-with-spider-spring-3-in-1-gym-bottle-i102172002-s1022944001.html?mp=1,"best in budget, go for it.",5
https://www.daraz.com.np/products/protein-shaker-bottle-with-spider-spring-3-in-1-gym-bottle-i102172002-s1022944001.html?mp=1,Good. Works good as Shown,5
https://www.daraz.com.np/products/protein-shaker-bottle-with-spider-spring-3-in-1-gym-bottle-i102172002-s1022944001.html?mp=1,fast delivery!! loved it,5
https://www.daraz.com.np/products/protein-shaker-bottle-with-spider-spring-3-in-1-gym-bottle-i102172002-s1022944001.html?mp=1,"not bad , good product.",3
https://www.daraz.com.np/products/protein-shaker-bottle-with-spider-spring-3-in-1-gym-bottle-i102172002-s1022944001.html?mp=1,Its too good thank you.,5
https://www.daraz.com.np/products/protein-shaker-bottle-with-spider-spring-3-in-1-gym-bottle-i102172002-s1022944001.html?mp=1,Not worth the money. ,1
https://www.daraz.com.np/products/protein-shaker-bottle-with-spider-spring-3-in-1-gym-bottle-i102172002-s1022944001.html?mp=1,"well,go with mood",5
https://www.daraz.com.np/products/protein-shaker-bottle-with-spider-spring-3-in-1-gym-bottle-i102172002-s1022944001.html?mp=1,Its really good ,5
https://www.daraz.com.np/products/protein-shaker-bottle-with-spider-spring-3-in-1-gym-bottle-i102172002-s1022944001.html?mp=1,Works well ,5
https://www.daraz.com.np/products/protein-shaker-bottle-with-spider-spring-3-in-1-gym-bottle-i102172002-s1022944001.html?mp=1,It‚Äôs great.,5
https://www.daraz.com.np/products/protein-shaker-bottle-with-spider-spring-3-in-1-gym-bottle-i102172002-s1022944001.html?mp=1,Very nice,5
https://www.daraz.com.np/products/protein-shaker-bottle-with-spider-spring-3-in-1-gym-bottle-i102172002-s1022944001.html?mp=1,Its nice ,5
https://www.daraz.com.np/products/protein-shaker-bottle-with-spider-spring-3-in-1-gym-bottle-i102172002-s1022944001.html?mp=1,awesome ,5
https://www.daraz.com.np/products/protein-shaker-bottle-with-spider-spring-3-in-1-gym-bottle-i102172002-s1022944001.html?mp=1,AMAZING!,5
https://www.daraz.com.np/products/ring-tower-with-9-stacking-rings-with-adorable-lionduck-on-top-for-kids-i108745742-s1029361518.html?mp=1,Delivered on time! Was expecting a bit heavily built but found it to be light weight! Good for children's under 5yrs! overall a good product as per price,4
https://www.daraz.com.np/products/ring-tower-with-9-stacking-rings-with-adorable-lionduck-on-top-for-kids-i108745742-s1029361518.html?mp=1,very nice,5
https://www.daraz.com.np/products/ring-tower-with-9-stacking-rings-with-adorable-lionduck-on-top-for-kids-i108745742-s1029361518.html?mp=1,good product for the price.,5
https://www.daraz.com.np/products/ring-tower-with-9-stacking-rings-with-adorable-lionduck-on-top-for-kids-i108745742-s1029361518.html?mp=1,It's a beautiful ,5
https://www.daraz.com.np/products/ring-tower-with-9-stacking-rings-with-adorable-lionduck-on-top-for-kids-i108745742-s1029361518.html?mp=1,Light and cute   .. good for infant ,5
https://www.daraz.com.np/products/ring-tower-with-9-stacking-rings-with-adorable-lionduck-on-top-for-kids-i108745742-s1029361518.html?mp=1,Delivered on time! Was expecting a bit heavily built but found it to be light weight! Good for children's under 5yrs! overall a good product as per price,4
https://www.daraz.com.np/products/ring-tower-with-9-stacking-rings-with-adorable-lionduck-on-top-for-kids-i108745742-s1029361518.html?mp=1,very nice,5
https://www.daraz.com.np/products/ring-tower-with-9-stacking-rings-with-adorable-lionduck-on-top-for-kids-i108745742-s1029361518.html?mp=1,good product for the price.,5
https://www.daraz.com.np/products/ring-tower-with-9-stacking-rings-with-adorable-lionduck-on-top-for-kids-i108745742-s1029361518.html?mp=1,It's a beautiful ,5
https://www.daraz.com.np/products/ring-tower-with-9-stacking-rings-with-adorable-lionduck-on-top-for-kids-i108745742-s1029361518.html?mp=1,Light and cute   .. good for infant ,5
https://www.daraz.com.np/products/ring-tower-with-9-stacking-rings-with-adorable-lionduck-on-top-for-kids-i108745742-s1029361518.html?mp=1,ramro  x baby  haru  lae,5
https://www.daraz.com.np/products/ring-tower-with-9-stacking-rings-with-adorable-lionduck-on-top-for-kids-i108745742-s1029361518.html?mp=1,best products for kids!,5
https://www.daraz.com.np/products/ring-tower-with-9-stacking-rings-with-adorable-lionduck-on-top-for-kids-i108745742-s1029361518.html?mp=1,My baby loved it,5
https://www.daraz.com.np/products/ring-tower-with-9-stacking-rings-with-adorable-lionduck-on-top-for-kids-i108745742-s1029361518.html?mp=1,Really love it,5
https://www.daraz.com.np/products/ring-tower-with-9-stacking-rings-with-adorable-lionduck-on-top-for-kids-i108745742-s1029361518.html?mp=1,Good one,5
https://www.daraz.com.np/products/spider-shaker-bottle-with-protein-powder-compartment-cup-i102212003-s1022914003.html?mp=1,Product is good but i cant understand the use of middle box plz anyone tell me,5
https://www.daraz.com.np/products/spider-shaker-bottle-with-protein-powder-compartment-cup-i102212003-s1022914003.html?mp=1,Stunning Same product as seen In picture ,5
https://www.daraz.com.np/products/spider-shaker-bottle-with-protein-powder-compartment-cup-i102212003-s1022914003.html?mp=1,Auta magako auta lyaidiyooo exchange huna paryooo ,1
https://www.daraz.com.np/products/spider-shaker-bottle-with-protein-powder-compartment-cup-i102212003-s1022914003.html?mp=1,Thnkyou so much for quality product ,5
https://www.daraz.com.np/products/spider-shaker-bottle-with-protein-powder-compartment-cup-i102212003-s1022914003.html?mp=1,No complaints at all.ps: I'm lazy,5
https://www.daraz.com.np/products/spider-shaker-bottle-with-protein-powder-compartment-cup-i102212003-s1022914003.html?mp=1,Really nice. Anyone can buy this.Fully satisfied.Highly recommended.I prefer this to everyone.,5
https://www.daraz.com.np/products/spider-shaker-bottle-with-protein-powder-compartment-cup-i102212003-s1022914003.html?mp=1,spider lekheko nai metiyobut bottle thik xa according to price,5
https://www.daraz.com.np/products/spider-shaker-bottle-with-protein-powder-compartment-cup-i102212003-s1022914003.html?mp=1,as expected . fast delivery . if you want it go for it .,5
https://www.daraz.com.np/products/spider-shaker-bottle-with-protein-powder-compartment-cup-i102212003-s1022914003.html?mp=1,"Good, very useful, it is as good as described. ",5
https://www.daraz.com.np/products/spider-shaker-bottle-with-protein-powder-compartment-cup-i102212003-s1022914003.html?mp=1,good quality product as shown in picture,5
https://www.daraz.com.np/products/spider-shaker-bottle-with-protein-powder-compartment-cup-i102212003-s1022914003.html?mp=1,it's pretty good!!! satisfied!! ,5
https://www.daraz.com.np/products/spider-shaker-bottle-with-protein-powder-compartment-cup-i102212003-s1022914003.html?mp=1,good at all,4
https://www.daraz.com.np/products/spider-shaker-bottle-with-protein-powder-compartment-cup-i102212003-s1022914003.html?mp=1,good,5
https://www.daraz.com.np/products/personal-health-human-body-digital-weight-machine-8mm-round-transparent-glass-weighing-scale-weighing-scale-white-i100834465-s1021348674.html?mp=1,working well till now after using it for a year also,5
https://www.daraz.com.np/products/personal-health-human-body-digital-weight-machine-8mm-round-transparent-glass-weighing-scale-weighing-scale-white-i100834465-s1021348674.html?mp=1,good and accurate temperature reading,5
https://www.daraz.com.np/products/personal-health-human-body-digital-weight-machine-8mm-round-transparent-glass-weighing-scale-weighing-scale-white-i100834465-s1021348674.html?mp=1,I am satisfied with the product,5
https://www.daraz.com.np/products/personal-health-human-body-digital-weight-machine-8mm-round-transparent-glass-weighing-scale-weighing-scale-white-i100834465-s1021348674.html?mp=1,good experience ,5
https://www.daraz.com.np/products/personal-health-human-body-digital-weight-machine-8mm-round-transparent-glass-weighing-scale-weighing-scale-white-i100834465-s1021348674.html?mp=1,Works fine! Its nice!,5
https://www.daraz.com.np/products/personal-health-human-body-digital-weight-machine-8mm-round-transparent-glass-weighing-scale-weighing-scale-white-i100834465-s1021348674.html?mp=1,"Delivered on time... Happy with the product. So glad, that it also provides the temperature of surrounding which is very good",4
https://www.daraz.com.np/products/personal-health-human-body-digital-weight-machine-8mm-round-transparent-glass-weighing-scale-weighing-scale-white-i100834465-s1021348674.html?mp=1,very unprecise item.,2
https://www.daraz.com.np/products/personal-health-human-body-digital-weight-machine-8mm-round-transparent-glass-weighing-scale-weighing-scale-white-i100834465-s1021348674.html?mp=1,really good product ,5
https://www.daraz.com.np/products/personal-health-human-body-digital-weight-machine-8mm-round-transparent-glass-weighing-scale-weighing-scale-white-i100834465-s1021348674.html?mp=1,Really helpful ,5
https://www.daraz.com.np/products/personal-health-human-body-digital-weight-machine-8mm-round-transparent-glass-weighing-scale-weighing-scale-white-i100834465-s1021348674.html?mp=1,very good,5
https://www.daraz.com.np/products/personal-health-human-body-digital-weight-machine-8mm-round-transparent-glass-weighing-scale-weighing-scale-white-i100834465-s1021348674.html?mp=1,Good!!,3
https://www.daraz.com.np/products/baby-food-feeder-i103298979-s1024042725.html?mp=1,Time mai order gareko saman ramro isthiti ma payeko ma  khusi lagyo.,5
https://www.daraz.com.np/products/baby-food-feeder-i103298979-s1024042725.html?mp=1,Same as picture & thank you so much time to delivered  . It‚Äôs good,5
https://www.daraz.com.np/products/baby-food-feeder-i103298979-s1024042725.html?mp=1,delivered in time n product was good my baby like it,5
https://www.daraz.com.np/products/baby-food-feeder-i103298979-s1024042725.html?mp=1,It's good...I liked it..,5
https://www.daraz.com.np/products/baby-food-feeder-i103298979-s1024042725.html?mp=1,My baby just loved it as its best for him that without getting chocked he can have any fruits flavor ,5
https://www.daraz.com.np/products/baby-food-feeder-i103298979-s1024042725.html?mp=1,its nice suruma baby lai fruit feed garauna sarai help garyo malai ta,4
https://www.daraz.com.np/products/baby-food-feeder-i103298979-s1024042725.html?mp=1,ITS SAME AS ON PICTURE...Soft nipple,4
https://www.daraz.com.np/products/baby-food-feeder-i103298979-s1024042725.html?mp=1,Ramro lagiyo sochiko jastai rahicha ,5
https://www.daraz.com.np/products/baby-food-feeder-i103298979-s1024042725.html?mp=1,Product is best as desired. ,5
https://www.daraz.com.np/products/baby-food-feeder-i103298979-s1024042725.html?mp=1,This is so good quality ,5
https://www.daraz.com.np/products/baby-food-feeder-i103298979-s1024042725.html?mp=1,Good product,5
https://www.daraz.com.np/products/baby-food-feeder-i103298979-s1024042725.html?mp=1,it's good,5
https://www.daraz.com.np/products/baby-food-feeder-i103298979-s1024042725.html?mp=1,Ok,5
https://www.daraz.com.np/products/redblack-3-in-1-spider-protein-power-shaker-500-ml-i102228002-s1022918003.html?mp=1,Product is of average quality. delivery was also in time but only problem is I ordered for red one and I got blue. good in this price range but not best..,4
https://www.daraz.com.np/products/redblack-3-in-1-spider-protein-power-shaker-500-ml-i102228002-s1022918003.html?mp=1,I am fully satisfied  it is good product for low price But plz customer choice only delivery like colour but not others colour,5
https://www.daraz.com.np/products/redblack-3-in-1-spider-protein-power-shaker-500-ml-i102228002-s1022918003.html?mp=1,"air tight, no leakage during protein shake ramro lagyo",5
https://www.daraz.com.np/products/redblack-3-in-1-spider-protein-power-shaker-500-ml-i102228002-s1022918003.html?mp=1,great according to price and fast delivery,5
https://www.daraz.com.np/products/redblack-3-in-1-spider-protein-power-shaker-500-ml-i102228002-s1022918003.html?mp=1,raamro laago as per price.,3
https://www.daraz.com.np/products/redblack-3-in-1-spider-protein-power-shaker-500-ml-i102228002-s1022918003.html?mp=1,Product is of average quality. delivery was also in time but only problem is I ordered for red one and I got blue. good in this price range but not best..,4
https://www.daraz.com.np/products/redblack-3-in-1-spider-protein-power-shaker-500-ml-i102228002-s1022918003.html?mp=1,I am fully satisfied  it is good product for low price But plz customer choice only delivery like colour but not others colour,5
https://www.daraz.com.np/products/redblack-3-in-1-spider-protein-power-shaker-500-ml-i102228002-s1022918003.html?mp=1,"air tight, no leakage during protein shake ramro lagyo",5
https://www.daraz.com.np/products/redblack-3-in-1-spider-protein-power-shaker-500-ml-i102228002-s1022918003.html?mp=1,great according to price and fast delivery,5
https://www.daraz.com.np/products/redblack-3-in-1-spider-protein-power-shaker-500-ml-i102228002-s1022918003.html?mp=1,raamro laago as per price.,3
https://www.daraz.com.np/products/redblack-3-in-1-spider-protein-power-shaker-500-ml-i102228002-s1022918003.html?mp=1,thikai xa ,4
https://www.daraz.com.np/products/redblack-3-in-1-spider-protein-power-shaker-500-ml-i102228002-s1022918003.html?mp=1,so it was not too good and not too bad it's because it's a little too big for me and I said the seller to deliver the purple colour bottle but when I received it it was green colour and thats much but the colour green is also nice but my only complain is it is little too big and other is fine ,4
https://www.daraz.com.np/products/redblack-3-in-1-spider-protein-power-shaker-500-ml-i102228002-s1022918003.html?mp=1,The only complaint is that the color was different (green-black and grey-black) than what is shown in picture,4
https://www.daraz.com.np/products/redblack-3-in-1-spider-protein-power-shaker-500-ml-i102228002-s1022918003.html?mp=1,"Received as requested, really happy with my purchase.also the delivery was really quick didn't even take 1 day for it to be delivered. Thank you. ",5
https://www.daraz.com.np/products/redblack-3-in-1-spider-protein-power-shaker-500-ml-i102228002-s1022918003.html?mp=1,I was expecting black and red. But I got yellow and black. Still it's good and value for money.,5
https://www.daraz.com.np/products/redblack-3-in-1-spider-protein-power-shaker-500-ml-i102228002-s1022918003.html?mp=1,I am very satisfied with your products. Low budget protein shaker it is very good product.,5
https://www.daraz.com.np/products/redblack-3-in-1-spider-protein-power-shaker-500-ml-i102228002-s1022918003.html?mp=1,For me product is very nice but packaging not good.,5
https://www.daraz.com.np/products/redblack-3-in-1-spider-protein-power-shaker-500-ml-i102228002-s1022918003.html?mp=1,Daami lagyo product...j khojeko thiye tai paye....,5
https://www.daraz.com.np/products/redblack-3-in-1-spider-protein-power-shaker-500-ml-i102228002-s1022918003.html?mp=1,i got it green instead of red but I am satisfied ,4
https://www.daraz.com.np/products/redblack-3-in-1-spider-protein-power-shaker-500-ml-i102228002-s1022918003.html?mp=1,A lot of money for just a piece of plastic,1
https://www.daraz.com.np/products/redblack-3-in-1-spider-protein-power-shaker-500-ml-i102228002-s1022918003.html?mp=1,Dammi xa bottle looks ni ramro xa . ,5
https://www.daraz.com.np/products/redblack-3-in-1-spider-protein-power-shaker-500-ml-i102228002-s1022918003.html?mp=1,well not bad but think once more,1
https://www.daraz.com.np/products/redblack-3-in-1-spider-protein-power-shaker-500-ml-i102228002-s1022918003.html?mp=1,Product is good as expected..,5
https://www.daraz.com.np/products/redblack-3-in-1-spider-protein-power-shaker-500-ml-i102228002-s1022918003.html?mp=1,Matched with my expectation,5
https://www.daraz.com.np/products/redblack-3-in-1-spider-protein-power-shaker-500-ml-i102228002-s1022918003.html?mp=1,very good product love it,5
https://www.daraz.com.np/products/redblack-3-in-1-spider-protein-power-shaker-500-ml-i102228002-s1022918003.html?mp=1,delivered wrong colour ,5
https://www.daraz.com.np/products/redblack-3-in-1-spider-protein-power-shaker-500-ml-i102228002-s1022918003.html?mp=1,it is good product ,5
https://www.daraz.com.np/products/redblack-3-in-1-spider-protein-power-shaker-500-ml-i102228002-s1022918003.html?mp=1,it's very amazing . ,5
https://www.daraz.com.np/products/redblack-3-in-1-spider-protein-power-shaker-500-ml-i102228002-s1022918003.html?mp=1,VALUE FOR MONEY :) ,5
https://www.daraz.com.np/products/redblack-3-in-1-spider-protein-power-shaker-500-ml-i102228002-s1022918003.html?mp=1,color not matching,1
https://www.daraz.com.np/products/redblack-3-in-1-spider-protein-power-shaker-500-ml-i102228002-s1022918003.html?mp=1,good product,5
https://www.daraz.com.np/products/redblack-3-in-1-spider-protein-power-shaker-500-ml-i102228002-s1022918003.html?mp=1,Good product,5
https://www.daraz.com.np/products/redblack-3-in-1-spider-protein-power-shaker-500-ml-i102228002-s1022918003.html?mp=1,thank you,5
https://www.daraz.com.np/products/redblack-3-in-1-spider-protein-power-shaker-500-ml-i102228002-s1022918003.html?mp=1,nice ,5
https://www.daraz.com.np/products/baby-sofa-seat-infant-soft-plush-cushion-cotton-i103297968-s1024045644.html?mp=1,NOT EXACTLY AS SHOWN IN PIC. IT'S BIT LOWER. DOESN'T PROVIDE FULL SUPPORT FOR SPINE.,5
https://www.daraz.com.np/products/baby-sofa-seat-infant-soft-plush-cushion-cotton-i103297968-s1024045644.html?mp=1,very good quality.My baby enjoyed so much thank you so much,5
https://www.daraz.com.np/products/sporty-swimming-trunk-for-men-blackblue-i100740049-s1021192145.html?mp=1,I am  not satisfied with your service of this shop. I am disappointed with this shop because the product which I order colour was blue but they have sent me red. ma bhuj6u ki tapaiharu sanga yo colour ko matra products 6 but at least inform ta garnu por6 ki hami sanga yo colour 6 ya 6ena bhanera. I m not satisfied with your services.,1
https://www.daraz.com.np/products/sporty-swimming-trunk-for-men-blackblue-i100740049-s1021192145.html?mp=1,Exactly what I am looking for. Thanks for the service.,5
https://www.daraz.com.np/products/sporty-swimming-trunk-for-men-blackblue-i100740049-s1021192145.html?mp=1,don't u see what u asked for...??what did u send me ?you guys are fooling everyone...we ask for sth ..you guys deliver sth else...anii when we try to contact you to return that item...none picks it up ..what is this ???its too muchi needa return this,5
https://www.daraz.com.np/products/sporty-swimming-trunk-for-men-blackblue-i100740049-s1021192145.html?mp=1,worst product i had ever bought in daraz.it is not as it seems in picture. you can only use for one time.if any one will see this comment i request not to buy such product.,1
https://www.daraz.com.np/products/sporty-swimming-trunk-for-men-blackblue-i100740049-s1021192145.html?mp=1,Okay product as quality degrades highly after few months of use,3
https://www.daraz.com.np/products/sporty-swimming-trunk-for-men-blackblue-i100740049-s1021192145.html?mp=1,its good just like in the picture. can buy,5
https://www.daraz.com.np/products/sporty-swimming-trunk-for-men-blackblue-i100740049-s1021192145.html?mp=1,380,4
https://www.daraz.com.np/products/baby-crawling-knee-pads-i100834471-s1021338837.html?mp=1,Good for knee protection but too tight. Would be better if sizes available.,3
https://www.daraz.com.np/products/baby-crawling-knee-pads-i100834471-s1021338837.html?mp=1,Ali tight huda raicha ani socheko jasto baklo ni lagena any ways good,3
https://www.daraz.com.np/products/baby-crawling-knee-pads-i100834471-s1021338837.html?mp=1,out of 2X2items received only 2 item with the cost of four item. I can't fault Daraz team the packaging company must have missed to pack crawling knee pad but had charged me without supplying the item. I opened the pack in front of the delivery guy who was unaware of what's inside so he could not actually do anything.  I wanted to returned the package right there but they had their policy which I had to follow now they presumed that they have supplied me the product. anyways from next time online shopping big No and recommendation to others not to bother.,1
https://www.daraz.com.np/products/baby-crawling-knee-pads-i100834471-s1021338837.html?mp=1,product thikai cha bt delivery too late,3
https://www.daraz.com.np/products/baby-crawling-knee-pads-i100834471-s1021338837.html?mp=1,thikai...price anusar ramrai x,4
https://www.daraz.com.np/products/baby-crawling-knee-pads-i100834471-s1021338837.html?mp=1,good,5
https://www.daraz.com.np/products/2-in-1-rechargeable-cycle-lights-3-modes-cycle-light-and-horncycle-lights-rechargeable-waterproof-140-db-cycle-light-with-horn-led-front-light-i105701371-s1027511538.html?mp=1,The battery was really durable and the light is very powerful. Fully satisfied with the product as it was on the picture.,5
https://www.daraz.com.np/products/2-in-1-rechargeable-cycle-lights-3-modes-cycle-light-and-horncycle-lights-rechargeable-waterproof-140-db-cycle-light-with-horn-led-front-light-i105701371-s1027511538.html?mp=1,nice product they delivered in time I liked it,5
https://www.daraz.com.np/products/2-in-1-rechargeable-cycle-lights-3-modes-cycle-light-and-horncycle-lights-rechargeable-waterproof-140-db-cycle-light-with-horn-led-front-light-i105701371-s1027511538.html?mp=1,not so happy with its quality.,2
https://www.daraz.com.np/products/2-in-1-rechargeable-cycle-lights-3-modes-cycle-light-and-horncycle-lights-rechargeable-waterproof-140-db-cycle-light-with-horn-led-front-light-i105701371-s1027511538.html?mp=1,"Materials are cheap.But works fine,I had to change the switch for light after a months of use.",2
https://www.daraz.com.np/products/2-in-1-rechargeable-cycle-lights-3-modes-cycle-light-and-horncycle-lights-rechargeable-waterproof-140-db-cycle-light-with-horn-led-front-light-i105701371-s1027511538.html?mp=1,very good but the horn has no sound,3
https://www.daraz.com.np/products/2-in-1-rechargeable-cycle-lights-3-modes-cycle-light-and-horncycle-lights-rechargeable-waterproof-140-db-cycle-light-with-horn-led-front-light-i105701371-s1027511538.html?mp=1,The battery was really durable and the light is very powerful. Fully satisfied with the product as it was on the picture.,5
https://www.daraz.com.np/products/2-in-1-rechargeable-cycle-lights-3-modes-cycle-light-and-horncycle-lights-rechargeable-waterproof-140-db-cycle-light-with-horn-led-front-light-i105701371-s1027511538.html?mp=1,nice product they delivered in time I liked it,5
https://www.daraz.com.np/products/2-in-1-rechargeable-cycle-lights-3-modes-cycle-light-and-horncycle-lights-rechargeable-waterproof-140-db-cycle-light-with-horn-led-front-light-i105701371-s1027511538.html?mp=1,not so happy with its quality.,2
https://www.daraz.com.np/products/2-in-1-rechargeable-cycle-lights-3-modes-cycle-light-and-horncycle-lights-rechargeable-waterproof-140-db-cycle-light-with-horn-led-front-light-i105701371-s1027511538.html?mp=1,"Materials are cheap.But works fine,I had to change the switch for light after a months of use.",2
https://www.daraz.com.np/products/2-in-1-rechargeable-cycle-lights-3-modes-cycle-light-and-horncycle-lights-rechargeable-waterproof-140-db-cycle-light-with-horn-led-front-light-i105701371-s1027511538.html?mp=1,very good but the horn has no sound,3
https://www.daraz.com.np/products/2-in-1-rechargeable-cycle-lights-3-modes-cycle-light-and-horncycle-lights-rechargeable-waterproof-140-db-cycle-light-with-horn-led-front-light-i105701371-s1027511538.html?mp=1,The battery backup is too good ,5
https://www.daraz.com.np/products/2-in-1-rechargeable-cycle-lights-3-modes-cycle-light-and-horncycle-lights-rechargeable-waterproof-140-db-cycle-light-with-horn-led-front-light-i105701371-s1027511538.html?mp=1,ramro lagyo,5
https://www.daraz.com.np/products/2-in-1-rechargeable-cycle-lights-3-modes-cycle-light-and-horncycle-lights-rechargeable-waterproof-140-db-cycle-light-with-horn-led-front-light-i105701371-s1027511538.html?mp=1,best,5
https://www.daraz.com.np/products/check-printed-boxer-for-men-pack-of-2-i103297965-s1024044647.html?mp=1,I wanted the one's shown in the picture but got these ... Not bad ...but don't feels like 100% cotton ... Else ok.,4
https://www.daraz.com.np/products/check-printed-boxer-for-men-pack-of-2-i103297965-s1024044647.html?mp=1,this is my 1st impression and m honestly impressed with this...i mean the fabric is nyc according to its prize although it is my 1st impression but i've a positive feelings abt it,4
https://www.daraz.com.np/products/check-printed-boxer-for-men-pack-of-2-i103297965-s1024044647.html?mp=1,Decent quality at a competitive pricing.,4
https://www.daraz.com.np/products/check-printed-boxer-for-men-pack-of-2-i103297965-s1024044647.html?mp=1,very bad one is perfect other feels used very loose elastic,1
https://www.daraz.com.np/products/check-printed-boxer-for-men-pack-of-2-i103297965-s1024044647.html?mp=1,"sasto paye vandai ma hatar nagarnuhola, 1 wash paxi boxer seto hunexa. white boxer lagauni vaye chai good deal huna sakxa. photo: front back front",3
https://www.daraz.com.np/products/check-printed-boxer-for-men-pack-of-2-i103297965-s1024044647.html?mp=1,not  satisfaction..,1
https://www.daraz.com.np/products/check-printed-boxer-for-men-pack-of-2-i103297965-s1024044647.html?mp=1,it's not fit for me and quality also not good.,2
https://www.daraz.com.np/products/check-printed-boxer-for-men-pack-of-2-i103297965-s1024044647.html?mp=1,"average quality, stiching also not good",3
https://www.daraz.com.np/products/check-printed-boxer-for-men-pack-of-2-i103297965-s1024044647.html?mp=1,I order Xl sixe but in time of deliver I found one with XL n other one with L size. The one with L size is defective too....very very disappointment with the product.. I can just say its intensively done no word for such irresponsible trade.,1
https://www.daraz.com.np/products/check-printed-boxer-for-men-pack-of-2-i103297965-s1024044647.html?mp=1, bhaena hai expectation vs reality vayo hai sabse cheap quality color pani change different xa malai pic ma dekha ko chainxa  ,1
https://www.daraz.com.np/products/check-printed-boxer-for-men-pack-of-2-i103297965-s1024044647.html?mp=1,I got what I paid for. quality is good at this price. Seller did not reply to my message but responded by sending the correct items according to the message.Recommended purchase.,5
https://www.daraz.com.np/products/check-printed-boxer-for-men-pack-of-2-i103297965-s1024044647.html?mp=1,Thanx to draz for fast dlvry n nice product aekdim fit xa sir aru sathi harule lina chahnu hunxa vanne dhukka sanga lida hunxa... really nice again thanx daraz..,5
https://www.daraz.com.np/products/check-printed-boxer-for-men-pack-of-2-i103297965-s1024044647.html?mp=1,"I received exactly same size and color within just 2 days, I am happy with the product.",5
https://www.daraz.com.np/products/check-printed-boxer-for-men-pack-of-2-i103297965-s1024044647.html?mp=1,suru mah rmo dekhxa . 1-2 choti wash garyo poxi colour wudxa .Jadu . ,4
https://www.daraz.com.np/products/check-printed-boxer-for-men-pack-of-2-i103297965-s1024044647.html?mp=1,I was hesitant to buy cloth but it was good than expected. ,4
https://www.daraz.com.np/products/check-printed-boxer-for-men-pack-of-2-i103297965-s1024044647.html?mp=1,I just received 2pices of boxer where I have ordered 2x2=4,5
https://www.daraz.com.np/products/check-printed-boxer-for-men-pack-of-2-i103297965-s1024044647.html?mp=1,I am writing this review wearing just this boxer ,4
https://www.daraz.com.np/products/check-printed-boxer-for-men-pack-of-2-i103297965-s1024044647.html?mp=1,I am satisfied with the item and Daraz shopping. ,5
https://www.daraz.com.np/products/check-printed-boxer-for-men-pack-of-2-i103297965-s1024044647.html?mp=1,Stretchy and comfortable. Thankyou daraz,5
https://www.daraz.com.np/products/check-printed-boxer-for-men-pack-of-2-i103297965-s1024044647.html?mp=1,"dherainai  ramro chaa,best for the price",5
https://www.daraz.com.np/products/check-printed-boxer-for-men-pack-of-2-i103297965-s1024044647.html?mp=1,"liked the quality of a product, thanks",5
https://www.daraz.com.np/products/check-printed-boxer-for-men-pack-of-2-i103297965-s1024044647.html?mp=1,I am so happy. it was as I preferred.,5
https://www.daraz.com.np/products/check-printed-boxer-for-men-pack-of-2-i103297965-s1024044647.html?mp=1,A bit thin material but comfortable ,4
https://www.daraz.com.np/products/check-printed-boxer-for-men-pack-of-2-i103297965-s1024044647.html?mp=1,button nai chaina .... kattu ma ,1
https://www.daraz.com.np/products/check-printed-boxer-for-men-pack-of-2-i103297965-s1024044647.html?mp=1,Product is nice as per price...,5
https://www.daraz.com.np/products/check-printed-boxer-for-men-pack-of-2-i103297965-s1024044647.html?mp=1,really upset with quality.....,1
https://www.daraz.com.np/products/check-printed-boxer-for-men-pack-of-2-i103297965-s1024044647.html?mp=1,according to price it s good.,5
https://www.daraz.com.np/products/check-printed-boxer-for-men-pack-of-2-i103297965-s1024044647.html?mp=1,Nice quality. Recommended!,5
https://www.daraz.com.np/products/check-printed-boxer-for-men-pack-of-2-i103297965-s1024044647.html?mp=1,Cheap material bad quality,1
https://www.daraz.com.np/products/check-printed-boxer-for-men-pack-of-2-i103297965-s1024044647.html?mp=1,price anusar good xaÔ∏èÔ∏è,5
https://www.daraz.com.np/products/check-printed-boxer-for-men-pack-of-2-i103297965-s1024044647.html?mp=1,worth buying good product ,5
https://www.daraz.com.np/products/check-printed-boxer-for-men-pack-of-2-i103297965-s1024044647.html?mp=1,was not good in reality,1
https://www.daraz.com.np/products/check-printed-boxer-for-men-pack-of-2-i103297965-s1024044647.html?mp=1,worth buying..satisfied,4
https://www.daraz.com.np/products/check-printed-boxer-for-men-pack-of-2-i103297965-s1024044647.html?mp=1,received same colored. ,3
https://www.daraz.com.np/products/check-printed-boxer-for-men-pack-of-2-i103297965-s1024044647.html?mp=1,Fabric is soft n comfy,4
https://www.daraz.com.np/products/check-printed-boxer-for-men-pack-of-2-i103297965-s1024044647.html?mp=1,not that good quality,2
https://www.daraz.com.np/products/check-printed-boxer-for-men-pack-of-2-i103297965-s1024044647.html?mp=1,Man parena calar gayo,5
https://www.daraz.com.np/products/check-printed-boxer-for-men-pack-of-2-i103297965-s1024044647.html?mp=1,It was. Too good ,5
https://www.daraz.com.np/products/check-printed-boxer-for-men-pack-of-2-i103297965-s1024044647.html?mp=1,Best for the price.,5
https://www.daraz.com.np/products/check-printed-boxer-for-men-pack-of-2-i103297965-s1024044647.html?mp=1,Comfortable good ,5
https://www.daraz.com.np/products/check-printed-boxer-for-men-pack-of-2-i103297965-s1024044647.html?mp=1,love the product,5
https://www.daraz.com.np/products/check-printed-boxer-for-men-pack-of-2-i103297965-s1024044647.html?mp=1,Worth the price.,5
https://www.daraz.com.np/products/check-printed-boxer-for-men-pack-of-2-i103297965-s1024044647.html?mp=1,worth the price.,5
https://www.daraz.com.np/products/check-printed-boxer-for-men-pack-of-2-i103297965-s1024044647.html?mp=1,Size nai vayena,1
https://www.daraz.com.np/products/check-printed-boxer-for-men-pack-of-2-i103297965-s1024044647.html?mp=1,It was nice ,5
https://www.daraz.com.np/products/check-printed-boxer-for-men-pack-of-2-i103297965-s1024044647.html?mp=1,Good quality ,5
https://www.daraz.com.np/products/check-printed-boxer-for-men-pack-of-2-i103297965-s1024044647.html?mp=1,Satisfactory ,4
https://www.daraz.com.np/products/check-printed-boxer-for-men-pack-of-2-i103297965-s1024044647.html?mp=1,wrong colour,4
https://www.daraz.com.np/products/check-printed-boxer-for-men-pack-of-2-i103297965-s1024044647.html?mp=1,Ramro lagyo,5
https://www.daraz.com.np/products/check-printed-boxer-for-men-pack-of-2-i103297965-s1024044647.html?mp=1,comfortable,5
https://www.daraz.com.np/products/check-printed-boxer-for-men-pack-of-2-i103297965-s1024044647.html?mp=1,I bought this for my grandpa .he likes it . he says it's comfortable and nice .,5
https://www.daraz.com.np/products/check-printed-boxer-for-men-pack-of-2-i103297965-s1024044647.html?mp=1,Looks good,5
https://www.daraz.com.np/products/check-printed-boxer-for-men-pack-of-2-i103297965-s1024044647.html?mp=1,Thikai xa!,4
https://www.daraz.com.np/products/check-printed-boxer-for-men-pack-of-2-i103297965-s1024044647.html?mp=1,Perfect ,5
https://www.daraz.com.np/products/check-printed-boxer-for-men-pack-of-2-i103297965-s1024044647.html?mp=1,its good,5
https://www.daraz.com.np/products/check-printed-boxer-for-men-pack-of-2-i103297965-s1024044647.html?mp=1,color ,1
https://www.daraz.com.np/products/check-printed-boxer-for-men-pack-of-2-i103297965-s1024044647.html?mp=1,Good ,5
https://www.daraz.com.np/products/check-printed-boxer-for-men-pack-of-2-i103297965-s1024044647.html?mp=1,Good ,5
https://www.daraz.com.np/products/check-printed-boxer-for-men-pack-of-2-i103297965-s1024044647.html?mp=1,ok,1
https://www.daraz.com.np/products/check-printed-boxer-for-men-pack-of-2-i103297965-s1024044647.html?mp=1,Ok,3
https://www.daraz.com.np/products/baby-toddler-walking-assistant-learning-to-walk-harness-walker-i103301949-s1024042734.html?mp=1,Quality of product is mediocre...,3
https://www.daraz.com.np/products/baby-toddler-walking-assistant-learning-to-walk-harness-walker-i103301949-s1024042734.html?mp=1,not useful in my case,3
https://www.daraz.com.np/products/baby-toddler-walking-assistant-learning-to-walk-harness-walker-i103301949-s1024042734.html?mp=1,It's okay.,4
https://www.daraz.com.np/products/amul-comfy-mens-cotton-sleeveless-vest-sando-pack-of-6-i103335595-s1024069435.html?mp=1,Good product I like it .its value for money.,5
https://www.daraz.com.np/products/amul-comfy-mens-cotton-sleeveless-vest-sando-pack-of-6-i103335595-s1024069435.html?mp=1,Not to write much.  As we  know what shando vest is the quality is same.  But price is not efficient than we purchage from market.  Service time and response is good.,2
https://www.daraz.com.np/products/amul-comfy-mens-cotton-sleeveless-vest-sando-pack-of-6-i103335595-s1024069435.html?mp=1,Comfortable and Price worthy,5
https://www.daraz.com.np/products/amul-comfy-mens-cotton-sleeveless-vest-sando-pack-of-6-i103335595-s1024069435.html?mp=1,Fits right and looks good!,5
https://www.daraz.com.np/products/amul-comfy-mens-cotton-sleeveless-vest-sando-pack-of-6-i103335595-s1024069435.html?mp=1,Good product as per price.,5
https://www.daraz.com.np/products/amul-comfy-mens-cotton-sleeveless-vest-sando-pack-of-6-i103335595-s1024069435.html?mp=1,Nice product. ,5
https://www.daraz.com.np/products/amul-comfy-mens-cotton-sleeveless-vest-sando-pack-of-6-i103335595-s1024069435.html?mp=1,Its good,5
https://www.daraz.com.np/products/protein-shaker-bottle-with-3-layer-twist-and-lock-storage-leak-proof-fitness-sports-nutrition-supplements-non-slip-mix-shake-bottle-i102166008-s1022926002.html?mp=1,Satisfied!!!!,5
https://www.daraz.com.np/products/protein-shaker-bottle-with-3-layer-twist-and-lock-storage-leak-proof-fitness-sports-nutrition-supplements-non-slip-mix-shake-bottle-i102166008-s1022926002.html?mp=1,best but one small part is not adjustable,5
https://www.daraz.com.np/products/protein-shaker-bottle-with-3-layer-twist-and-lock-storage-leak-proof-fitness-sports-nutrition-supplements-non-slip-mix-shake-bottle-i102166008-s1022926002.html?mp=1,great product,5
https://www.daraz.com.np/products/soft-eva-9-pieces-foam-floor-baby-kids-play-mat-gym-alphabet-numbers-puzzle-mats-1-to-9-i103305338-s1024045817.html?mp=1,Satisfy...its okay! Price n material matched!! :),4
https://www.daraz.com.np/products/fidget-spinner-multi-color-i101112806-s1021710126.html?mp=1,hah! the product is not good but may be at this rate it is worth full. spend a bit more and buy good one rather than this one.,2
https://www.daraz.com.np/products/buloss-printed-boxer-shorts-for-men-i103566951-s1024304739.html?mp=1,Boxer feels comfortable and was delivered in time. Good job DARAZ for delivering the services in COVID 19 crisis,5
https://www.daraz.com.np/products/buloss-printed-boxer-shorts-for-men-i103566951-s1024304739.html?mp=1,Good overall. It would be wonderful if larger than XXL will also be available.,4
https://www.daraz.com.np/products/buloss-printed-boxer-shorts-for-men-i103566951-s1024304739.html?mp=1,"I hv ordered XXL size rather I got XL size. I hv no time to drop off, So I hv to keep it. Otherwise the product quality is good according to the price.",2
https://www.daraz.com.np/products/buloss-printed-boxer-shorts-for-men-i103566951-s1024304739.html?mp=1,"I received this product today. It is of good quality. Very light. So, I like it. I am planning to buy few more pieces",5
https://www.daraz.com.np/products/buloss-printed-boxer-shorts-for-men-i103566951-s1024304739.html?mp=1,Very nice quality tara colour ali janchha so highly recommend to wash properly before wearing,4
https://www.daraz.com.np/products/buloss-printed-boxer-shorts-for-men-i103566951-s1024304739.html?mp=1,"It's really nice stuff, never expected it for that amount . Good job , keep it up ",5
https://www.daraz.com.np/products/buloss-printed-boxer-shorts-for-men-i103566951-s1024304739.html?mp=1,Wear once and then you will not wana wear it again.. yep due to quality.. ,2
https://www.daraz.com.np/products/buloss-printed-boxer-shorts-for-men-i103566951-s1024304739.html?mp=1,Very nice i like this product n i like daraz online thank you,5
https://www.daraz.com.np/products/buloss-printed-boxer-shorts-for-men-i103566951-s1024304739.html?mp=1,ùô∏ùöù ùö†ùöäùöú ùöüùöéùöõùö¢ ùöóùöíùöåùöé ùöäùöóùöç ùöåùöòùöñùöèùöòùöõùöùùöäùöãùöïùöé,5
https://www.daraz.com.np/products/buloss-printed-boxer-shorts-for-men-i103566951-s1024304739.html?mp=1,ekdam ramro tara color chai alik khuilido raixa,5
https://www.daraz.com.np/products/buloss-printed-boxer-shorts-for-men-i103566951-s1024304739.html?mp=1,size large magako xl aayo....worst seller,1
https://www.daraz.com.np/products/buloss-printed-boxer-shorts-for-men-i103566951-s1024304739.html?mp=1,A good underwear health point of view.,5
https://www.daraz.com.np/products/buloss-printed-boxer-shorts-for-men-i103566951-s1024304739.html?mp=1,it was ok.. worth paying..,5
https://www.daraz.com.np/products/buloss-printed-boxer-shorts-for-men-i103566951-s1024304739.html?mp=1,thikai ho..ramro chha,5
https://www.daraz.com.np/products/buloss-printed-boxer-shorts-for-men-i103566951-s1024304739.html?mp=1,nice one,5
https://www.daraz.com.np/products/buloss-printed-boxer-shorts-for-men-i103566951-s1024304739.html?mp=1,its ok,5
https://www.daraz.com.np/products/cross-khukuri-badge-i103378757-s1024094503.html?mp=1,Good,5
https://www.daraz.com.np/products/amul-bodywarmer-mens-cotton-thermal-set-i100844915-s1021392254.html?mp=1,Good Quality as per my expectation.,4
https://www.daraz.com.np/products/amul-bodywarmer-mens-cotton-thermal-set-i100844915-s1021392254.html?mp=1,‡§∏‡•ã‡§ö‡•á‡§ï‡•ã ‡§ú‡§∏‡•ç‡§§‡•ã ‡§≠‡§è‡§®,3
https://www.daraz.com.np/products/protein-shake-bottle-500ml-i100782085-s1021240090.html?mp=1,Didn‚Äôt get the colour as i ordered,2
https://www.daraz.com.np/products/protein-shake-bottle-500ml-i100782085-s1021240090.html?mp=1,"Satisfied ,thank you!",3
https://www.daraz.com.np/products/pack-of-3-ankle-socks-blackwhitegrey-i103300963-s1024039701.html?mp=1,quality is so poor...not recommend..,5
https://www.daraz.com.np/products/pack-of-3-ankle-socks-blackwhitegrey-i103300963-s1024039701.html?mp=1,decent quality,5
https://www.daraz.com.np/products/gallon-bottle-22-litres-i102196007-s1022926003.html?mp=1,Futyo mero ta   Bekar ma pani pokhera safa garna lagayo gym ma.,5
https://www.daraz.com.np/products/nepali-flag-khukuri-cross-pin-i103372756-s1024096505.html?mp=1,‡§ñ‡•Å‡§ñ‡§∞‡•Ä ‡§´‡§≤‡•á‡§ó ‡§Æ‡§æ ‡§≤‡§ó‡§æ‡§â‡§®‡•á ‡§™‡§ø‡§® ‡§õ‡•à‡§® ‡§ï‡§∏‡§∞‡•Ä ‡§≤‡§ó‡§æ‡§â‡§®‡•á ‡§∞‡§ø‡§ü‡§∞‡§£,1
https://www.daraz.com.np/products/black-tactical-extreme-performance-half-fingered-gloves-i102186005-s1022900003.html?mp=1,It's perfect I love this product ,5
https://www.daraz.com.np/products/black-tactical-extreme-performance-half-fingered-gloves-i102238002-s1022952001.html?mp=1,size tulo vayo.,3
https://www.daraz.com.np/products/black-tactical-extreme-performance-half-fingered-gloves-i102238002-s1022952001.html?mp=1,I said black colour but they always put army green this is 2nd time. They don't care about or choice or what?,3
https://www.daraz.com.np/products/black-tactical-extreme-performance-half-fingered-gloves-i102238002-s1022952001.html?mp=1,The gloves received is as per the order. Good one for general bike riding purpose...,5
https://www.daraz.com.np/products/black-tactical-extreme-performance-half-fingered-gloves-i102238002-s1022952001.html?mp=1,nice..,4
https://www.daraz.com.np/products/black-tactical-extreme-performance-half-fingered-gloves-i102238002-s1022952001.html?mp=1,good,5
https://www.daraz.com.np/products/odobo-navy-blue-12-travel-bag-unisex-i100838920-s1021384299.html?mp=1,"its of poor quality and is not durable, easily damaged. I got to use it for 1 time only , so it was like use n throw product.",1
https://www.daraz.com.np/products/ninja-half-gloves-for-men-black-blue-i100850362-s1021368497.html?mp=1,ordered xl size but got large size delivered instead,2
https://www.daraz.com.np/products/ninja-half-gloves-for-men-black-blue-i100850362-s1021368497.html?mp=1,it cost me rs.75 good product,5
https://www.daraz.com.np/products/16-in-1-multi-function-bike-bicycle-cycling-mechanic-repair-tool-kit-black-i100864685-s1021400354.html?mp=1,it is a very good product for personal use . and i love this product because of all in one,5
https://www.daraz.com.np/products/16-in-1-multi-function-bike-bicycle-cycling-mechanic-repair-tool-kit-black-i100864685-s1021400354.html?mp=1,The side screw went off just after single use.. it's not that sturdy.,1
https://www.daraz.com.np/products/16-in-1-multi-function-bike-bicycle-cycling-mechanic-repair-tool-kit-black-i100864685-s1021400354.html?mp=1,Product quality is excellent I like it,5
https://www.daraz.com.np/products/16-in-1-multi-function-bike-bicycle-cycling-mechanic-repair-tool-kit-black-i100864685-s1021400354.html?mp=1,Its really good. Recommended.,5
https://www.daraz.com.np/products/spider-shaker-bottle-i100732116-s1021176296.html?mp=1,"was okay, got for free delivery, good for the price",5
https://www.daraz.com.np/products/pack-of-5-smart-cut-macho-briefs-for-men-greenbluebrownmaroonblack-i103336579-s1024071178.html?mp=1,Product is good as specified in the advertisement. Easy to buy in the online market.,5
https://www.daraz.com.np/products/pack-of-5-smart-cut-macho-briefs-for-men-greenbluebrownmaroonblack-i103336579-s1024071178.html?mp=1,Perfect.,5
https://www.daraz.com.np/products/pack-of-5-smart-cut-macho-briefs-for-men-greenbluebrownmaroonblack-i103336579-s1024071178.html?mp=1,liked it,5
https://www.daraz.com.np/products/apple-bear-breast-pump-i103574892-s1024300993.html?mp=1,Ramro xa,5
https://www.daraz.com.np/products/navy-blue-cap-for-men-i100846921-s1021380399.html?mp=1,the metal logo infront hurts.....,2
https://www.daraz.com.np/products/3-in-1-unisex-travel-bag-i103300971-s1024041722.html?mp=1,good product. Thank you.,5
https://www.daraz.com.np/products/3-in-1-unisex-travel-bag-i103300971-s1024041722.html?mp=1,Nice bag.,5
https://www.daraz.com.np/products/amul-men-long-cotton-fine-underwear-pack-of-3-multi-colour-i100722065-s1021180159.html?mp=1,meets the expectation. Though it releases color on couple wash.,3
https://www.daraz.com.np/products/amul-men-long-cotton-fine-underwear-pack-of-3-multi-colour-i100722065-s1021180159.html?mp=1,Very good. Thanks,5
https://www.daraz.com.np/products/amul-men-long-cotton-fine-underwear-pack-of-3-multi-colour-i100722065-s1021180159.html?mp=1,it was nice,5
https://www.daraz.com.np/products/amul-men-long-cotton-fine-underwear-pack-of-3-multi-colour-i100722065-s1021180159.html?mp=1,Good,5
https://www.daraz.com.np/products/summer-black-cap-for-men-i100846927-s1021380400.html?mp=1,Product is not as good as shown in picture. Fells kind of a cheap material. but price is low considering other option.Will be good if you just need cap for normal purpose. But i will recommend to spend little more money and get better cap.I got 100rs extra off voucher from daraz so it didn't cost me a much. For price i paid it is good.,5
https://www.daraz.com.np/products/summer-black-cap-for-men-i100846927-s1021380400.html?mp=1,the cap is ok but it was supposed to be a black cap. they sent me a blue one.,2
https://www.daraz.com.np/products/summer-black-cap-for-men-i100846927-s1021380400.html?mp=1,colour fades away and looks cheap and old after first wash,1
https://www.daraz.com.np/products/summer-black-cap-for-men-i100846927-s1021380400.html?mp=1,It's amazing,5
https://www.daraz.com.np/products/summer-black-cap-for-men-i100846927-s1021380400.html?mp=1,love it,5
https://www.daraz.com.np/products/body-love-mens-ultra-soft-printed-trunks-pack-of-2-underwear-i103568977-s1024308038.html?mp=1,good quality but it's size is for teenagers not for adults,5
https://www.daraz.com.np/products/body-love-mens-ultra-soft-printed-trunks-pack-of-2-underwear-i103568977-s1024308038.html?mp=1,Nice and good product,4
https://www.daraz.com.np/products/body-love-mens-ultra-soft-printed-trunks-pack-of-2-underwear-i103568977-s1024308038.html?mp=1,supper,5
https://www.daraz.com.np/products/body-love-mens-ultra-soft-printed-trunks-pack-of-2-underwear-i103568977-s1024308038.html?mp=1,Nice,3
https://www.daraz.com.np/products/pack-of-3-smart-cut-macho-briefs-for-men-greenbluebrown-i103335593-s1024068968.html?mp=1,Its okay as expectation.,4
https://www.daraz.com.np/products/floral-printed-chiffonpolyester-casual-shawl-for-women-i100780101-s1021242153.html?mp=1,too bad product ! not as advertisement,2
https://www.daraz.com.np/products/odobo-black-15-travel-bag-unisex-i100838381-s1021366442.html?mp=1,i haven't got the right product i ordered don't know whose mistake was that either the seller or the daraz hub so nothing to say anymore. Returning this wrong item and ordering for bag again hope will get right product at this time,2
https://www.daraz.com.np/products/odobo-black-15-travel-bag-unisex-i100838381-s1021366442.html?mp=1,good but the same problem of weaker stiches,3
https://www.daraz.com.np/products/odobo-black-15-travel-bag-unisex-i100838381-s1021366442.html?mp=1,little disappointed otherwise good,5
https://www.daraz.com.np/products/odobo-black-15-travel-bag-unisex-i100838381-s1021366442.html?mp=1,Looked big but is small,2
https://www.daraz.com.np/products/odobo-black-15-travel-bag-unisex-i100838381-s1021366442.html?mp=1,good,5
https://www.daraz.com.np/products/red-acrylic-half-embroidered-pashmina-shawl-for-women-i100744331-s1021210576.html?mp=1,Its Value for money. Good for gifting purpose,5
https://www.daraz.com.np/products/pack-of-3-shaped-boxer-for-men-i103299962-s1024045646.html?mp=1,size khasai thulo chaina,3
https://www.daraz.com.np/products/original-roober-boxers-for-men-cotton-pack-of-3-i100728044-s1021174110.html?mp=1,The quality is not as good as it used to be. Feels like polyester-something blend.,3
https://www.daraz.com.np/products/original-roober-boxers-for-men-cotton-pack-of-3-i100728044-s1021174110.html?mp=1,not original but ok,3
https://www.daraz.com.np/products/adjustable-reusable-washable-baby-cloth-diaper-diapers-nappy-1-diaper-5-microfibre-inserts-size-4-to-14-kg-i102220004-s1022904003.html?mp=1,Total waste of money 1 tym urine gardai sabai lick hunxa...unsatisfied,1
https://www.daraz.com.np/products/adjustable-reusable-washable-baby-cloth-diaper-diapers-nappy-1-diaper-5-microfibre-inserts-size-4-to-14-kg-i102220004-s1022904003.html?mp=1,Great!,3
https://www.daraz.com.np/products/adjustable-reusable-washable-baby-cloth-diaper-diapers-nappy-1-diaper-5-inserts-size-4-to-14-kg-i100834461-s1021340754.html?mp=1,Daiper is good but the insert they send me just napkin which is not hold urin as long time.,1
https://www.daraz.com.np/products/adjustable-reusable-washable-baby-cloth-diaper-diapers-nappy-1-diaper-5-inserts-size-4-to-14-kg-i100834461-s1021340754.html?mp=1,nice product,5
https://www.daraz.com.np/products/adjustable-reusable-washable-baby-cloth-diaper-diapers-nappy-1-diaper-5-inserts-size-4-to-14-kg-i100834461-s1021340754.html?mp=1,3 out of,2
https://www.daraz.com.np/products/adjustable-reusable-washable-baby-cloth-diaper-diapers-nappy-1-diaper-5-inserts-size-4-to-14-kg-i100834461-s1021340754.html?mp=1,Good quality nappy... thanks,5
https://www.daraz.com.np/products/baby-kids-printed-foam-play-mat-size-4feet-by-6feet-i103298998-s1024043695.html?mp=1,ok xa!,5
https://www.daraz.com.np/products/bicycle-pump-tire-puncture-repair-kit-i105689474-s1027517664.html?mp=1,Thanks for delivery on time,5
https://www.daraz.com.np/products/combo-of-5-cotton-loafer-socks-unisex-i103370836-s1024098560.html?mp=1,"2 pairs are damaged out of 5 pair, one pair has clearly visible large holes.",1
https://www.daraz.com.np/products/black-net-cap-for-men-i100844922-s1021388261.html?mp=1,not as advertised,2
https://www.daraz.com.np/products/pack-of-3-original-roober-boxers-set-color-may-vary-i103368877-s1024106646.html?mp=1,Ghatiya  boxer name ko matra orginal paisa barbad quality pani ramro xaena. thagni kaam matra vaera xa at least product ramro sangha le check garera pathaunu parxa ni.,1
https://www.daraz.com.np/products/baby-sling-carrier-with-head-support-and-detachable-base-i100824582-s1021342736.html?mp=1,Color was different than I ordered and there aas not hat as it was shown in the picture.,5
https://www.daraz.com.np/products/baby-sling-carrier-with-head-support-and-detachable-base-i100824582-s1021342736.html?mp=1,not as same in picture... useless,1
https://www.daraz.com.np/products/korean-fiber-pillow-2-sets-white-i100836462-s1021340761.html?mp=1,Plz dont fool ur customers!!!disappoint on item u have sent literally wasted my money on you daraz app,1
https://www.daraz.com.np/products/korean-fiber-pillow-2-sets-white-i100836462-s1021340761.html?mp=1,very bad finished pillow.i m very disappointed.,1
https://www.daraz.com.np/products/korean-fiber-pillow-2-sets-white-i100836462-s1021340761.html?mp=1,soft and comfy..,5
https://www.daraz.com.np/products/pack-of-4-butter-fly-printed-panties-for-women-multicolor-i100852044-s1021392327.html?mp=1,I received something very different from the picture....,1
https://www.daraz.com.np/products/babys-double-sided-waterproof-crawl-mat-carpet-big-size-i100836460-s1021348675.html?mp=1,picture yeuta ani delivery arkai. its unfair to receive the good without cheking whether its the same item or not,2
https://www.daraz.com.np/products/set-of-5-fiber-korean-cushion-white-i100828539-s1021342735.html?mp=1,nice!!,3
https://www.daraz.com.np/products/pack-of-4-floral-pattern-panties-for-women-multicolor-i100844974-s1021380478.html?mp=1,wasnt it supposed to be a pack of 4??just got pack of 3,5
